0.018859943,0.017702442,0.002007001,-0.0017764717,0.013638768,-0.010238424,-0.020794649,-0.0005519097,-0.0063884268,0.0014440198,0.022704877,0.01421085,0.019799687,0.02136008,0.0039772578,0.017736893,0.0058298907,-0.012458257,-0.0010768091,-0.0007802956,-0.0042066164,0.0066423854,0.017033279,0.00038805604,0.012202457,0.04203826,-0.007385012,-0.0044137724,0.006295122,-0.005949632,0.0028470159,0.017957093,-0.0010983702,-0.047694135,0.029948775,0.008680607,0.007096472,-0.013734313,-0.02895648,-0.002826387,0.011403212,0.029623535,0.019511942,-0.0089587895,0.020663107,-0.028627777,0.015466543,0.016203567,0.006735049,-0.003097916,0.008261182,0.018976005,0.03387452,0.015749259,0.014241055,-0.0055053723,0.011316432,0.00041423482,-0.002219012,0.015476275,0.045932896,-0.009426442,0.009205023,0.01156866,-0.0032199733,0.005326966,0.01147324,0.025646618,0.01131049,0.00847449,0.0038717426,-0.008027042,-0.0034474656,-0.00016432535,-0.0066284616,0.0077019474,-0.00608602,-0.021993104,0.029427852,-0.011031302,0.026631905,-0.034880232,0.023819644,0.018641293,-0.0032564707,-0.0034070201,0.0072690565,-0.031555984,-0.003049573,0.009853164,0.00662769,-0.016218293,-0.0076171234,0.00903144,0.020527694,0.009890185,0.013986297,0.003911268,0.007753281,-0.0075223213
4.789402,6.5833197,5.0863633,6.095356,3.2469077,-5.099097,-3.0532494,2.289004,5.203984,4.846993,1.7066729,0.823989,0.5274788,2.6350656,0.88586354,1.2400973,1.7745893,5.6855264,5.2034063,4.474207,5.427827,1.9775816,6.5710897,3.274204,5.107705,4.3598166,1.3126777,1.4288607,5.9486113,5.7402,4.094791,-3.5024328,5.4749165,5.185607,6.4045153,3.250052,6.835863,-0.13740274,4.388638,3.194622,1.3538641,6.7388735,-0.8371941,4.0961504,2.4354115,4.8584423,4.6742864,3.5324173,3.36372,-5.790147,2.8999238,5.2242537,4.1121407,4.8004427,3.2362065,2.4639306,1.6869528,-1.463007,-1.1167401,4.6619043,3.6343246,5.443766,3.5896645,6.5731654,5.8477507,2.101222,6.0231094,0.39728072,-4.714328,2.9879184,5.8926907,2.5992014,-0.831256,3.15434,1.5804878,2.7963583,-5.4759054,0.73626363,0.037692152,-1.4461269,6.891571,6.044606,2.4787135,5.408047,0.76203954,2.8589535,2.3670661,0.50137126,1.1002518,3.1992047,0.9390943,2.99166,0.28787145,7.5839844,4.210657,0.29131445,3.2117023,0.4785828,4.013465,-4.7290215
2.0567012,3.5180237,2.6765876,4.3145237,1.6885655,-3.613153,-1.6031564,2.714047,1.9170985,2.6583915,0.7277206,-1.2106228,1.1012871,3.185453,-1.4242811,1.0673108,0.08873105,2.8821602,3.9092982,1.2722199,2.1402497,0.84794676,3.7393951,1.2266016,3.7844331,1.4903898,0.5539673,-0.44422954,3.3018026,2.490044,0.85968363,-2.551404,2.311672,2.4750485,2.9314165,1.7299432,1.9233587,-1.4641162,2.0284343,1.9326785,1.1358801,4.2487507,-0.32171142,2.551466,1.2689043,3.8130221,2.6584687,1.4620577,2.3219235,-4.2664633,1.1324902,1.6845989,3.4486287,2.4731426,0.32184175,-0.20081937,-1.0666488,-0.5659736,-2.2393007,0.96775067,1.2178564,3.154355,0.9812693,4.149585,3.054083,-1.1588413,3.53303,0.46363705,-2.9134421,1.644233,1.534828,-0.004795745,-1.606952,1.2216225,-0.26743513,1.1392338,-4.010031,0.07841894,-0.46056762,-0.82512885,4.0193987,2.866617,0.24097806,4.010998,0.42014113,-0.14205262,0.5998398,-0.43824822,-0.4856861,3.150197,-0.5417179,1.9413147,1.1410745,3.2086735,2.5794811,-0.38864326,1.2158712,-1.0259447,2.0472465,-2.726767
1.1551963,0.02904573,-0.38976422,1.7087799,-0.4634919,-3.8703022,-2.5096586,2.259993,-0.019880652,1.3137562,-0.43367803,-1.6915283,3.1952288,1.6627688,-2.4391098,0.8626605,-1.5507457,-2.4072495,0.8167098,-0.89967036,-0.652738,0.9828261,0.5061219,-1.0898069,2.431134,-0.89516896,0.482732,-2.6487474,0.43411902,-3.715715,-0.7788067,-1.778543,0.51365626,-1.0688323,1.0600617,0.2683422,0.06446329,-2.7294638,0.9258032,0.4668645,1.686649,0.17852527,1.158175,0.49853027,1.2617435,0.58293724,2.1031961,0.80714315,2.2539432,-2.0032012,-0.8209754,-0.37050602,4.8317213,1.4662492,-1.0766029,-2.1802404,-1.0569878,-0.08720763,-3.2664456,-1.4969563,1.2351996,-0.6374857,0.37531674,1.1801331,1.8224235,-2.6397943,3.536054,0.9810128,-1.6035951,1.9370887,-0.33937073,-1.5343646,-6.448167,0.67150295,-1.8530327,-0.44838002,-4.3406982,-1.5256914,-1.1690632,0.060304284,2.3792758,-0.76672244,0.13776113,2.914758,0.4402328,-2.8320038,-1.2143538,-2.4497576,-1.3136747,2.2542412,-2.141111,-0.974676,-0.6474592,0.65628123,0.76607984,1.0546216,-1.3829999,-1.8836826,1.4424902,-3.2344952
2.2507102,1.647562,1.8839425,2.7619345,2.0049634,0.82170266,1.4999733,3.144118,1.3148934,1.5645313,2.7253237,2.0785236,3.0444589,3.4239237,1.1108701,2.4768686,1.3913493,1.9555109,2.0676332,2.3109639,2.00884,1.9932375,1.3961282,1.8782704,2.1310482,2.4205499,2.1960244,1.0498059,2.037516,0.075137794,1.4590547,1.9086032,2.1286705,0.015892953,3.090528,2.1704438,0.3718259,1.1388273,0.74477243,2.0531473,3.1561034,1.8046397,2.4948094,1.5049016,3.3765512,2.7402835,1.9863899,3.1584504,2.0105832,0.257479,1.7581099,2.481658,1.9271097,2.3340018,2.858645,0.7355899,1.5707284,2.3053837,1.270783,1.3774343,2.756485,2.5688753,1.8819277,1.4664301,2.3197632,0.5588103,2.1098826,4.0658355,2.2680476,1.6113117,1.3895879,1.2429377,0.17695618,2.6099777,1.174891,2.3571482,0.42819262,2.4643648,3.3280048,2.8365283,2.2880573,0.87023664,2.3620226,3.2351127,1.668556,0.8859797,2.8692014,1.6343188,1.2474481,2.8882637,1.9106919,1.6564622,1.740516,1.6065836,3.3577993,2.3170862,2.4700122,1.3521703,1.9475937,1.1459135
6.3365846,6.0969896,6.0046196,6.9607253,5.3356733,0.5363184,1.9328938,3.8588266,5.620829,5.0742955,5.053092,4.412226,3.5646834,5.1197686,3.403486,4.117321,4.437427,6.436379,6.608468,5.8558807,6.9030795,4.259821,6.2229204,5.4034667,5.505515,6.289344,3.5731585,4.639656,5.9164343,4.3004208,5.12679,1.9704334,6.0854063,4.0157795,7.9838514,4.8478065,5.1081877,3.2541862,2.6723218,4.282486,4.6711435,5.7350082,3.09278,4.9421034,5.571866,5.791402,4.8093686,6.007186,4.1676064,-1.4661224,4.7149897,7.0935373,3.6372297,5.7922277,6.2556148,3.8002589,4.3170996,2.6410432,2.8061953,5.4882035,5.824762,6.233036,5.4325514,5.9002705,5.807317,3.8470674,5.4998674,5.2076874,1.3952175,3.806333,5.9841394,4.4122667,1.5333558,5.770275,4.0277853,5.169575,0.1083817,3.5352743,5.187447,3.3854728,6.4853735,4.8597603,5.51608,6.3664255,3.2568781,4.093798,5.936573,3.384818,4.0714397,5.050138,4.2031255,4.700057,3.3898036,6.8272448,7.146899,3.3810759,5.8007803,3.744906,4.6450315,1.0063922
5.897437,6.88871,4.638515,6.442698,3.317337,-3.6907485,-1.9431186,3.4079714,5.3923016,5.139818,3.624278,2.1587367,1.5973572,4.032833,1.6323489,2.4726596,2.5328693,4.434575,6.2290053,4.8546705,5.589883,2.9136162,6.603945,4.1833425,5.58729,6.2693543,1.7389475,1.3790944,6.712468,4.3141956,4.3030176,-1.0440474,5.7248583,3.1002283,7.4678164,4.049763,5.541943,-0.19365245,3.5510592,4.147726,3.066786,7.350552,0.8535113,4.278134,4.020483,4.6894584,5.368863,5.16914,3.5511637,-4.420208,3.7381434,6.2131414,4.6179075,4.8948174,4.117955,2.632893,2.679618,0.021995842,-0.015528411,5.2707644,4.4336967,5.169637,4.597699,6.301587,5.888669,2.2544904,6.4290276,3.4517636,-2.3119836,3.353292,5.709894,2.6251006,-1.5552278,4.257447,2.1499572,3.7058933,-4.0563717,2.06984,2.792742,-0.053229168,7.486295,4.625605,3.9856477,6.5492144,1.6476805,3.511037,3.7266555,1.1406348,1.6426415,4.7764435,1.9930912,3.4436564,1.3410037,7.6393986,6.1625776,1.8911132,4.387626,0.9654449,4.079065,-3.0739927
-5.526161,-4.5273476,-4.59308,-5.9357347,-4.481353,-1.4151542,-2.5178514,-4.233834,-3.953018,-4.0940933,-4.916519,-4.134253,-4.3823624,-5.2063565,-2.7848716,-4.1838636,-4.399224,-4.588387,-5.4276304,-4.7426863,-5.445182,-4.173112,-4.590615,-4.5171194,-4.8710113,-4.993368,-3.7748685,-3.5583482,-4.6082497,-2.4714928,-4.1425076,-2.8508973,-4.7060137,-2.7257009,-6.618765,-4.629753,-3.4951773,-2.93091,-1.9080368,-3.669112,-5.0305166,-4.214694,-3.731426,-3.9894595,-5.607838,-5.0654078,-4.211858,-5.315089,-4.3211126,-0.14781544,-3.9053836,-5.491812,-3.6020641,-4.893293,-5.4182224,-3.0021548,-3.6669776,-3.4471474,-2.510357,-3.9885476,-5.1870193,-4.7849865,-4.5580487,-4.2586,-4.765296,-2.760635,-4.80653,-5.584058,-2.6205919,-3.622043,-4.4993625,-3.724786,-0.97678065,-5.2505994,-3.3357692,-4.792221,-0.7197745,-3.2953248,-5.070203,-4.0231075,-5.4111857,-3.1146553,-5.2028766,-5.748698,-3.3163316,-2.8117537,-4.9367437,-2.9725313,-3.5362628,-4.888193,-3.7196975,-4.012814,-3.290567,-4.9415283,-6.097754,-3.6584725,-4.7529516,-3.1456466,-4.323921,-1.9830062
4.205516,3.791256,2.3378327,4.920769,2.4763927,-2.3261287,-0.4542122,4.160022,2.3038116,3.8562596,2.6926873,1.0608729,3.7395887,3.9724016,0.22093228,2.757182,2.1808271,3.0429637,3.8559508,3.0319386,2.9821048,2.758757,4.4684057,1.835289,5.041143,2.6553993,2.2698894,1.4491835,3.9837985,1.0586607,2.6598282,-0.18743317,3.7637453,1.831609,4.93426,3.6280875,2.9949353,0.17194673,1.6203966,2.5192032,3.2671316,3.7432275,2.1400537,3.4970708,3.9769661,4.4563293,4.2478466,3.5951328,4.308384,-1.8405132,2.1421442,3.231068,4.7162724,4.2463484,2.7408442,0.8500234,1.1162665,1.365823,-0.5759878,1.6300101,3.184277,3.998476,3.3802688,4.2826786,4.5033126,0.2073388,5.4065247,3.3404045,-0.25685096,3.4656677,2.9619195,1.755469,-2.3109095,3.452948,1.1567743,2.6561205,-2.6691456,1.7197857,1.801178,1.8546686,5.390229,3.2666414,2.9024549,5.5281067,2.1916986,-0.32211813,2.2294226,0.51192343,1.1990658,4.44515,1.226822,2.0731854,1.7329807,4.7482843,3.9135752,2.0888968,2.3184166,0.41300094,3.6532464,-1.1940154
-4.2266088,-5.2912216,-4.555773,-5.5784903,-3.168211,3.2096076,0.790382,-3.8216765,-4.071932,-4.459243,-2.1878505,-0.5747287,-2.2756712,-4.5683436,-0.1364528,-2.3536046,-1.812586,-5.0722284,-5.9005413,-3.8099127,-4.5618067,-2.1771998,-5.6034,-3.4517257,-5.495349,-3.1272962,-1.8051975,-1.5304868,-5.5293894,-3.6602373,-2.678472,1.7188828,-4.5414352,-4.4514847,-5.29347,-3.2666261,-3.894557,-0.095697746,-2.9481587,-3.753582,-3.065899,-5.8463497,-0.5585383,-4.6484833,-2.8679185,-5.9481096,-4.411315,-3.5384045,-4.0745807,4.2744846,-2.5908837,-4.2239995,-4.653777,-3.9424665,-2.5779195,-1.557229,-1.0156767,-0.38779998,0.83680254,-2.9480155,-2.7969308,-5.8725147,-2.9465988,-5.9526663,-5.18862,-0.5117359,-5.2713118,-2.0736501,2.3124409,-2.7284837,-3.9003677,-1.7352735,0.99396753,-3.4076207,-1.2291381,-2.5826545,3.5866036,-1.6295196,-1.3428384,-0.20252366,-5.923952,-4.5908985,-2.0556965,-5.58975,-1.579313,-2.2202451,-2.9030447,-1.5337162,-0.8404192,-4.651881,-1.2748933,-3.2813473,-2.0542943,-5.604561,-4.725913,-0.9780947,-3.0124936,-0.5097901,-3.2663643,2.3521438
-0.21049154,-1.9115527,-2.2142224,-0.93460333,-0.65861696,0.66768587,0.11587238,2.461428,-3.2632318,-1.0831062,1.1343031,0.058230087,3.8012316,1.2028868,-0.89352727,1.1088755,-0.25209272,-2.414697,-1.9241359,-1.169081,-3.2439368,0.78057164,-1.3892903,-1.5299063,-0.078605205,-1.0496662,1.2612193,-1.3008641,-1.7969172,-3.3418765,-0.8411401,1.7018446,-1.519489,-2.1819425,-0.43590698,0.7025044,-2.4479551,-0.6534237,-1.847828,-0.68303907,1.3283069,-1.499988,2.4125376,-1.5191082,2.067913,-0.54919004,-0.21287918,0.64625144,1.064523,2.3816285,-0.8547373,-1.8940835,1.5388174,0.107225895,0.009639651,-2.1183872,-0.2485521,1.862453,-0.5195435,-2.2138345,-0.4462565,-1.9422163,0.33629978,-2.1098278,0.5093788,-2.3022885,0.5697857,2.9057055,2.4395735,1.0939615,-2.2472656,-1.0425988,-1.0796999,-0.66596115,-1.5324876,0.2522391,0.39151293,-0.029680908,0.9406967,1.8877586,-0.2408194,-3.236248,0.47186688,1.2152524,1.0191019,-3.4174495,-0.81712985,-0.7867339,-0.63159204,1.4003329,-0.23412485,-1.0745806,-0.092464104,-1.8103466,-0.82886136,1.3308723,-1.1547911,-1.1686928,0.5809767,0.48432994
4.515337,3.5886164,3.3797052,4.5333443,3.5011342,1.2194333,2.3059297,3.950149,2.933261,3.698246,4.1846275,3.560007,4.1212387,4.4868293,2.372489,3.6538737,3.3735344,3.4142609,3.936956,4.1115203,4.239378,3.5782118,3.6961975,3.322132,4.3492346,4.0070114,3.4127426,3.309368,3.7830896,1.4919815,3.5454512,2.5786524,4.01019,2.0965593,5.838068,4.0661926,2.6949744,2.4575114,1.1412848,3.0354419,4.4465475,3.2869678,3.422867,3.5876236,4.938751,4.5282583,3.5468667,4.526972,4.0078235,0.61440885,3.064464,4.419104,3.253447,4.417512,4.5575175,2.2980738,3.1945608,2.9652596,2.2034676,3.0654652,4.15344,4.0303936,4.036912,3.567284,4.2095447,2.1239324,4.594536,5.2183604,2.5462155,3.3629541,3.6806233,3.1334653,0.15846932,4.6457534,2.7611022,4.0824485,0.9312755,3.065302,4.567889,3.9638805,4.672289,2.5552976,4.4634876,5.125014,3.0894222,1.8049182,4.2225094,2.756339,2.9570246,4.2335243,3.236074,2.9885688,2.8594663,4.2143745,5.0994444,3.4102545,4.0150394,2.6061168,3.6318092,1.7009088
1.937604,1.7100747,2.10514,1.2184187,2.005158,0.72602284,0.5228479,0.6076198,2.1099122,1.1612792,1.2278274,1.8688092,0.55701137,0.61752677,2.0036483,0.91301394,1.8396752,2.8682506,1.9362646,2.679743,3.0595884,1.1331594,2.4217448,2.2042313,1.38675,1.990946,1.0017064,2.6782055,1.5895833,2.4455724,2.3582594,0.45155293,2.1225977,1.647778,2.6070652,1.2544606,2.7590008,1.7497579,0.9734226,1.1873261,0.8041074,1.7768416,0.70315695,1.7878473,1.4240825,1.7249057,0.9724773,2.161165,1.1072148,-0.42511326,2.101346,2.4977565,0.116883785,1.9570724,2.6253793,1.9283555,2.088217,0.37422812,1.8631209,2.4053247,1.9671617,2.636866,1.7262553,1.8197942,1.452787,2.2133992,1.2379947,1.0020165,0.4628068,1.2873572,2.367371,2.2860327,1.6586003,1.7646419,2.0533466,1.3108686,0.9592843,1.5305986,1.5762752,0.56947243,1.758424,2.13669,2.0027666,1.2198567,1.0727942,2.956594,3.175736,1.6715075,1.6398528,0.8481138,2.0597503,1.251899,0.49265897,3.015912,1.8552444,0.8003229,2.1906006,1.7973471,1.1544284,0.4135259
-4.022331,-2.2075,-0.8111665,-4.781018,-1.7975521,3.3997157,0.8374194,-6.7141957,-0.16769779,-3.442164,-2.7657726,-0.14237498,-7.195701,-6.019993,1.7595541,-3.715242,-0.26475334,-2.1232383,-3.0394273,-0.96111536,-0.28664565,-2.9735708,-3.8024483,-0.25429928,-5.8890924,-1.221739,-3.2327194,0.11307895,-3.335979,2.2377226,-1.2057766,0.3095679,-2.9156568,-1.4300715,-4.4150705,-3.606836,-0.41439414,0.92735684,-0.7182768,-1.924537,-4.6147327,-3.2478724,-3.5805614,-3.3309388,-5.2962093,-5.2662873,-4.2543874,-3.8520045,-5.8242273,1.8805989,-1.1616824,-1.4696891,-7.032077,-4.465106,-1.8795705,1.3839293,-0.59374,-2.346261,2.301709,0.90871626,-3.144531,-4.4325924,-2.4497943,-3.7876892,-5.5515995,2.942466,-6.0622272,-5.2743993,-0.5755724,-4.026528,-0.9121971,-3.4809113e-05,4.8644714,-3.2621257,0.6545758,-2.184178,4.001728,-0.91229093,-2.2524822,-3.1806176,-5.3048344,-1.6444097,-2.3334665,-7.2931876,-2.732427,3.4163363,-2.1055765,-0.031067908,0.07588419,-5.5013847,-0.26935232,-1.1493864,-1.9762194,-3.542518,-3.9311645,-2.518204,-0.58330584,0.9794527,-3.6870203,2.2996259
-4.2903366,-2.885801,-1.6000173,-4.6397886,-2.8803222,0.58200467,0.04089707,-4.725151,-1.3278494,-4.1040726,-3.3601637,-2.6324825,-5.151511,-3.945588,-1.3277105,-3.0776772,-1.9494154,-1.8152983,-2.329781,-3.480349,-2.2400665,-3.7693439,-3.506102,-1.8255464,-4.530183,-1.9267757,-4.1084685,-1.5621004,-2.5531723,-0.56130075,-3.6197662,-1.1464714,-3.4364955,-2.0468345,-5.240009,-4.1573334,-2.6800926,-0.9359504,-1.1025859,-2.307185,-3.508895,-1.7402067,-3.6072176,-3.0383193,-5.595233,-3.344187,-4.2950916,-4.401217,-5.7812557,-0.5504021,-2.4444551,-2.4495034,-4.4415846,-4.8489294,-3.9126558,-1.5270268,-2.5376296,-2.4462287,-0.24382466,-1.3998036,-4.019145,-3.0000172,-4.1678705,-2.5371265,-4.5888433,-0.4920001,-5.719672,-4.783036,-1.8016213,-4.6990905,-2.9010658,-2.821671,2.334042,-3.9098253,-1.6960994,-3.2298784,1.53811,-2.3072484,-2.3844671,-3.4592242,-5.1429143,-2.5509293,-4.4420652,-5.122017,-3.0980105,1.0909274,-3.4244413,-0.26497215,-1.9734838,-4.249671,-1.9190878,-1.6704928,-1.1914722,-4.13002,-3.3569014,-3.2094984,-2.0590377,-0.28803155,-4.40322,0.17168704
-4.082097,-6.1491394,-4.5759478,-6.1988354,-2.7070384,5.315896,2.8905044,-1.934657,-4.1247144,-4.5295467,-1.1464121,0.6875488,-0.0797185,-3.2466247,0.38854355,-1.0669491,-1.7140336,-4.871587,-5.721034,-3.0181441,-4.669241,-1.3517671,-6.4087334,-2.8352501,-5.493131,-3.641168,-0.39859334,-1.1484411,-5.670973,-5.5274973,-2.9702005,3.9757082,-4.512372,-4.383624,-5.2926493,-2.83154,-5.595367,1.2062681,-3.038681,-2.987205,-1.131162,-6.9483213,1.2121396,-4.2232666,-1.5816838,-5.237315,-4.3200936,-2.557173,-3.3708606,6.1085925,-2.4250803,-4.1705394,-4.2702293,-4.04397,-1.7307315,-1.5820003,0.0932135,1.6268165,2.12965,-3.4124966,-2.815424,-5.246045,-2.678505,-6.851598,-4.694251,-0.67771864,-5.7784185,0.27710354,5.1592493,-2.4727798,-4.411471,-1.4749446,1.4009461,-2.4128604,-0.7983796,-1.965188,5.7315874,-0.065363735,0.6354489,2.0673785,-6.5229354,-5.3015966,-1.4602435,-5.329383,-0.5151077,-2.1118078,-2.0203109,0.4168499,-0.3372759,-3.7261035,-0.13279435,-2.7979977,-0.9713674,-6.751246,-3.942844,0.5530757,-2.5163941,0.3795855,-3.1929684,4.3688602
-2.9041579,-4.071465,-3.9400682,-3.262882,-1.1344802,0.6908586,1.0133686,-0.9653255,-4.598101,-0.7911988,-3.296935,-3.3666625,1.7280813,-1.938506,-3.0471623,-0.49805424,-0.26911154,-0.9941305,-3.2473078,-2.8805523,-4.56155,-0.65468055,-1.7269744,-3.720377,0.5600536,-8.091429,0.046027146,0.14052823,-4.2147546,-2.0582614,-2.2169657,-1.4915435,-3.4748883,1.8323824,-5.2400665,-1.40762,-2.5686734,-0.2476736,-1.8618642,-2.195089,-1.7532701,-4.9795246,0.41139814,0.5832747,-1.8465896,0.90820503,-1.7349266,-4.2722445,2.844542,2.917616,-2.8310962,-6.2645493,0.8516185,-1.8046147,-3.8645983,-2.1747944,-3.7292144,0.13339697,-2.4110734,-6.0472746,-2.8421104,-0.34075585,-2.8855934,-1.6982672,-2.2652595,-3.759555,-0.926335,-3.4100537,0.25945675,0.88793904,-4.149474,-1.3877053,-0.9568652,-2.2248669,-1.663907,-3.0064874,0.30494598,-1.2631562,-4.4271584,-1.4291567,-2.4544725,-0.05922234,-2.790187,-2.4546587,0.3504011,-5.5738215,-3.3738303,-2.876011,-1.286802,-0.8579972,-2.290409,-2.005093,0.32241088,-3.5652673,-5.739673,-1.3037152,-5.220476,-2.7194889,-1.0556614,1.550359
-0.15279768,-1.3887548,-2.9321122,-2.1439996,-1.3886783,0.33471847,-1.2092315,-0.55393,-2.2470236,-0.92757756,0.18165597,0.3037392,0.28713995,-1.7659204,0.010935716,-0.76472354,-2.2273223,-4.6683187,-3.2691936,-1.7519138,-3.1881206,0.022062816,-2.485057,-2.2662344,-1.7353071,-0.1945728,-0.04716988,-1.7292166,-2.988522,-2.6898084,-0.3348306,1.1480582,-1.8999343,-2.2882001,-0.50621015,-0.271761,-1.3812196,-1.5732808,-2.367167,-1.5260757,-1.1714406,-2.4089923,0.8629119,-2.8605447,0.49030423,-3.7561426,-0.8069111,-0.981166,-0.43079895,2.0076952,-0.9451116,-1.7749087,-0.6030631,-0.7339211,-0.84174436,-0.67456645,-0.08838025,-0.39789453,-0.5288644,-0.8285604,-1.1041408,-4.06224,-0.11738026,-2.5176718,-1.5257488,-0.48119044,-0.09710449,0.44402415,0.8720684,0.20007965,-1.1780654,-0.6579279,-2.5030522,-1.7203796,-0.95164645,0.05623418,-0.04449504,-1.8026619,-0.50581455,-0.17949793,-0.88768137,-3.3732612,0.7884335,-1.1267495,-0.41144657,-2.6080418,-1.5129381,-2.2144735,-0.4562455,-1.3734274,-0.9819157,-1.965945,-1.7645702,-1.5266443,-2.18892,0.50843483,-1.0776626,-1.5299897,0.12224335,-0.5678284
-2.855019,-1.1836756,-1.1907214,-2.9582179,-2.4182057,-0.5332134,-1.594537,-4.3265095,-0.5785558,-2.409218,-2.699142,-1.5063823,-4.939208,-3.7258253,-0.3501455,-3.1763659,-1.8057576,-2.0315208,-2.1218634,-2.342266,-1.2598708,-2.883875,-2.282713,-1.3091428,-3.7689111,-0.46565402,-3.1520562,-1.5075154,-1.7498655,0.6906177,-1.725863,-1.6044309,-2.144096,-1.6430268,-2.9397066,-2.8088055,-0.5922104,-1.2897037,-1.0362036,-2.1827655,-3.5438054,-1.1343279,-3.4783034,-2.6927485,-4.1755066,-3.916885,-2.5557199,-2.9389682,-4.5322165,-0.9821252,-1.5869031,-1.4377371,-3.6962647,-3.406631,-2.5189948,-0.20031957,-1.3707719,-2.9872444,-0.47867626,0.047056556,-3.1289277,-2.6534932,-2.7401931,-1.8563063,-2.8409345,0.4903167,-3.6754508,-3.9735246,-2.4603424,-3.2976127,-1.0425566,-1.6750629,1.049839,-3.1385167,-1.2059892,-2.4029834,0.08305849,-2.368328,-2.272545,-3.213252,-3.289781,-1.6920308,-2.8414807,-4.213002,-2.646816,1.4664695,-2.3407774,-1.1783667,-1.6522653,-3.64809,-1.5585742,-1.7882054,-2.0862236,-2.1998334,-2.5362883,-2.6859007,-1.3683112,-0.7393821,-3.0981302,-1.2888834
0.5203143,0.53482556,0.13285282,0.52784,0.6390104,0.14168975,0.9427973,-0.16256028,0.65991616,0.91021097,0.045720965,-0.42852426,0.42753,0.94191945,-0.56840724,0.5053271,1.1796734,0.4707914,1.6824915,-0.31583083,0.9580097,0.23411596,0.8880935,0.10082775,1.7448051,-0.045304596,0.0812912,0.7450495,0.702266,0.31174767,0.038486302,-0.09630957,0.3154401,0.62450767,0.29538047,0.1974102,0.11059411,0.01649566,-0.5637953,0.49206147,0.79527116,1.0142,-0.123377085,1.4676373,-0.027853072,1.2812154,0.5886276,-0.30215967,0.72117066,-0.09261021,-0.10351318,-0.053676963,0.50097597,0.072529376,-0.27503556,0.18647623,-0.77939504,0.08369817,-0.1261611,-0.21186137,-0.36328876,1.2643845,0.5256958,1.8158091,0.03488627,-0.17391133,0.9022212,-0.11482167,-0.102333285,0.20891173,0.03968194,-0.19790716,-0.53019905,0.3940624,0.31870502,0.37832975,0.056439623,-0.42390904,0.40748894,-0.7602575,0.8414192,0.39909783,-0.038700163,0.7016165,0.43959486,-0.1530608,-0.34422237,-0.53635055,0.2065348,0.9723298,0.19686323,0.24712181,1.2634132,0.64195436,0.6533804,-0.060087264,0.42898434,0.27840492,0.22581044,0.6032229
5.0536337,3.4576273,3.282561,5.366743,3.7407613,1.7382654,2.4413881,4.811022,2.6027007,3.8725002,5.02567,4.24928,4.7547207,4.5853167,2.6874232,3.8937035,3.654881,3.12825,4.069705,4.3940296,3.7448595,4.1701164,2.990997,3.211257,3.9442563,4.10571,4.0809846,3.15455,3.4123862,1.1753306,3.8161263,3.4040024,4.0079155,1.6107458,5.819741,4.7417808,2.2326045,2.6865816,1.2264725,3.4239612,4.742535,2.7737064,4.4244814,3.0243177,5.8555794,3.9640937,4.2838244,5.0236835,4.383177,1.5122006,3.370009,4.364375,3.1350865,4.8261194,5.045018,2.359396,3.5166771,3.730782,2.3190386,2.8658128,4.9672337,3.484227,4.539537,2.8993556,4.4653187,2.1816108,4.452083,5.9448543,3.6008196,3.8160248,3.616396,3.5219526,0.20424446,4.963969,2.9050567,4.498624,1.1446838,3.168301,4.7988973,4.2804675,4.6758757,1.8378904,5.158123,5.2972465,3.479118,0.9843096,4.861002,2.9354937,3.3839498,4.675689,3.5525324,3.4878633,2.74714,4.102684,4.9402494,3.885632,4.158787,2.5484543,4.472356,2.1460972
-0.6772014,2.2027345,2.6063523,0.8683375,0.28502926,-1.9942205,-1.3736186,-2.6824481,3.405746,0.75981873,-2.3054676,-1.0256305,-4.6876163,-1.6049598,0.14850119,-2.180029,-0.42104632,2.3257961,1.4092524,1.0302198,3.0964212,-1.4813473,1.5786959,1.2677124,-0.39821103,-0.0717594,-1.7168746,0.41863227,1.3387749,4.0703187,0.36484483,-3.4069984,1.0364406,2.9294317,-0.12498303,-1.2813447,2.7459316,-0.27976245,2.0736072,0.45042324,-2.024737,1.3233608,-3.6499543,0.9551061,-3.0472908,0.17239694,0.019681156,-1.2604747,-1.244782,-3.149408,0.39094898,1.3169923,-1.8440492,-0.41803735,-0.68224597,1.6523124,-0.37104756,-2.9562151,-0.74217963,2.0530214,-0.24342898,1.1337304,-0.48402524,1.7028635,-0.69545525,1.7683487,-0.6094717,-4.182034,-4.2318034,-1.164656,2.3572593,0.44660234,1.5619638,-0.30510092,0.633645,-0.9341438,-1.7379386,-0.16172272,-2.6664233,-2.2420454,-0.0926045,3.1397667,-1.4700936,-1.8544974,-1.550257,3.4135509,-0.14963722,0.37231147,-0.32800373,-1.6129469,-0.7808927,1.1776527,-0.9395567,1.5315933,-0.06064398,-2.357829,0.77167886,0.17022383,-0.5510475,-1.9359623
1.0284982,-0.27542022,-1.1508176,0.4667741,0.079359904,-0.7575987,-0.06983637,1.1862569,-0.8078741,0.40065753,0.6946765,-0.19738053,2.6163828,0.91333556,-0.721977,0.98427117,0.2899998,-0.94092196,-0.085182816,-0.33345744,-1.1358839,1.0694444,0.38338232,-1.4314287,1.2091776,-0.38365316,0.9463297,-0.29035726,-0.04894729,-1.5869045,0.15912335,0.25383973,0.015240826,-0.44817904,0.7843838,1.1119591,-0.29610485,-0.29223216,-0.8098377,-0.8744483,1.1550524,-0.16218156,1.324513,0.0722125,1.3778604,0.8738029,0.7574626,0.20425639,1.9300083,0.27102795,0.09251493,-0.5054271,1.9986947,0.9760178,0.007429734,-0.72293466,-0.23119214,0.6480984,-0.93141407,-0.88898265,-0.3935397,0.46215805,0.24507293,0.44411585,1.1544275,-0.7953602,1.577588,1.1860778,0.6094772,1.2370516,-0.2647672,-0.121321484,-1.7867589,0.18743981,-0.44774526,0.6682553,-0.80258083,-1.1719239,0.02613537,0.9025948,1.1072516,-0.23011824,0.78803027,1.739791,1.1428835,-2.2300735,-0.70027864,-1.3624842,-0.02742827,1.2086242,-0.23882633,0.026379548,0.34134674,0.49840498,0.37466085,0.9293914,-0.44922918,-0.28973877,1.389099,-0.10675207
-3.893193,-5.0960646,-2.409522,-3.049837,-1.9788318,3.783013,2.050592,0.47694322,-3.7473779,-3.139431,-0.9266586,-0.16522656,1.4962223,-0.3035545,-0.670599,-0.502111,-0.96385664,-4.0477953,-3.8449788,-2.8114724,-3.4771152,-0.9775741,-5.3719263,-1.3336852,-3.6405013,-3.5186157,-0.122215986,-1.830864,-3.932273,-5.048813,-3.093186,2.459909,-3.596704,-4.0113306,-3.9757895,-2.0274549,-5.3769913,0.59752715,-1.2485449,-1.5940561,0.03092575,-5.3733835,0.96840656,-3.0540245,-0.41226122,-3.277936,-3.0044208,-1.0030999,-1.9634941,3.7539697,-1.9047506,-3.5483093,-2.015854,-2.674584,-1.5044433,-2.41321,-0.2510748,2.4881706,0.52471733,-3.6483114,-0.3398624,-4.495255,-1.5963244,-5.749385,-2.745998,-2.1283593,-3.7891939,1.0004568,3.868793,-1.44035,-3.9326952,-1.7172686,0.12330798,-0.89071316,-1.4579916,-1.7474139,3.216983,0.26741514,0.21491821,3.3477054,-4.8305693,-3.9624767,-1.4635696,-2.8185234,-0.43128398,-1.9274893,-1.254335,0.044304237,-0.9908566,-1.8607156,-0.5583862,-1.9084516,-0.79865915,-5.420758,-2.0949087,0.56227356,-2.6312137,-0.42376637,-2.70818,2.9633183
0.011436507,-2.0698586,-1.9953532,0.3903922,0.13850704,1.3473401,1.8453459,5.134424,-3.2654228,-0.12177181,1.6873412,0.11821592,6.525663,4.597006,-1.5871569,2.8318133,-0.45547053,0.0029185414,-0.5630467,-0.53141546,-2.9015286,1.5231948,-0.5281205,-0.7891153,1.9714125,-1.8838593,2.4466653,-0.5717165,-0.49569973,-4.3977475,-1.2073308,2.3049536,-0.8730285,-1.5441923,-0.0025977492,1.3686557,-4.090815,0.35112315,-1.8160243,-0.032398462,3.5018392,-0.96024346,3.8267336,0.63622177,3.6742535,2.232552,0.6262163,1.859415,3.3168607,2.3668296,-0.6670702,-1.8840095,2.7242856,1.0031389,0.6515752,-2.6717415,-0.09330699,3.8400671,-0.44131255,-3.499218,0.5323204,1.2898358,0.04883021,-0.9344568,1.6580911,-3.8832579,1.2375805,5.1892457,4.3620224,1.5852056,-2.922423,-1.1874918,-1.6017039,1.5845876,-1.122254,0.46130213,0.6661569,0.45179874,2.5718007,4.1291904,0.3306267,-1.4200134,0.5557609,3.0976229,2.1027324,-3.7588034,1.2148316,0.202889,-0.72962177,3.2271392,0.33838037,-0.50158966,1.7847211,-1.5603216,1.083445,2.155438,-0.9105174,-0.79806,0.663205,1.6006525
-2.8139205,-2.108014,-1.720611,-3.8452058,-2.2219107,1.8264043,-0.022096843,-5.113394,-1.1576375,-2.904512,-2.0465622,-1.0539494,-5.505555,-4.49905,0.17326066,-3.0438094,-0.68085337,-3.4749246,-2.7247176,-3.2371593,-1.6310788,-2.746761,-3.5403697,-1.1705909,-4.6376305,-0.36084974,-3.1471107,-0.86413074,-3.2811022,0.2903149,-1.8697455,0.16995472,-3.2334967,-2.0141253,-4.172031,-2.658964,-1.2130414,-0.86186016,-1.7047981,-2.4204032,-3.9445481,-2.1261373,-2.701431,-3.2947688,-4.2997093,-4.461488,-3.2605042,-3.8812728,-4.8772554,0.9975296,-1.6207979,-1.9878274,-4.7625055,-4.0231485,-3.0491116,0.27563107,-1.2452645,-2.2392356,0.50959355,-0.42411816,-2.2326562,-4.0665736,-3.0412896,-2.9652271,-4.746107,1.2013694,-4.840024,-4.383069,-0.94289553,-3.6273947,-1.956192,-1.1172943,2.1589015,-3.6626713,-0.7806583,-1.9047364,2.5363636,-2.5394475,-1.9873435,-3.619526,-4.121568,-3.2084377,-2.0300012,-5.196338,-2.5391772,1.0323622,-2.602406,-1.5757746,-0.6562002,-4.3940234,-1.0521553,-1.7051364,-1.6863744,-3.5191908,-3.5643861,-2.4535055,-1.4792502,-0.18780327,-3.0993066,1.1161976
2.256608,0.4620214,0.12831497,1.7876581,1.1890273,0.79640925,1.1879745,3.9890046,-0.2872417,0.9356475,2.9504724,1.8442209,4.33025,3.2520974,0.5983517,2.482563,0.87590516,0.37427068,1.0839194,2.384385,0.1999299,2.2257805,1.2016459,0.9298205,1.9290525,1.4948802,2.3753438,0.5853802,1.3292996,-1.303901,0.8915879,2.6036081,1.4029958,-0.28020248,2.725081,2.6293607,-0.7005853,0.8448088,-0.36035475,1.5023813,3.175519,0.5474653,3.6247892,0.8857952,3.712864,1.7504741,2.2384942,2.8113697,2.7750566,1.6873026,1.0691149,1.4136727,2.968194,2.7375588,2.122081,-0.4425891,1.2951035,3.0972924,0.75050575,0.08740853,2.5952935,0.952114,1.9280281,0.2534423,2.3574817,-0.49830657,2.3779697,4.91572,3.2740393,2.0493548,0.36556566,0.76520824,-1.0958846,2.725459,0.62955153,1.7369056,0.5711649,1.5386901,3.1746309,3.4314637,2.3908954,-0.5000418,2.357507,3.2043161,2.036294,-1.1387978,1.815223,1.8945713,1.0871936,3.473267,1.194535,0.9739035,1.7471011,0.5782801,2.3639936,2.759106,1.696631,0.78234744,2.4254518,1.0040998
1.6789894,3.8300483,3.0636406,3.558447,0.06923999,-5.730901,-3.9438567,-0.16414863,3.584397,2.8020954,-0.8911612,-1.8855392,-2.6935096,0.30970305,-0.9005977,-1.060323,-0.729169,2.3398027,3.0009756,0.83987975,2.9379096,-0.53393084,4.0841274,1.2507077,2.4069028,1.678692,-1.1432927,-0.21682824,3.8856401,3.774736,1.3080566,-4.5296965,2.9104888,2.7515354,2.4341855,0.862905,4.2280483,-2.0648355,3.0022051,1.5790056,-0.7069778,4.0847416,-2.9267418,2.3096228,-1.2028179,2.213573,2.558084,0.45317596,0.3652706,-5.9395247,0.9870446,2.6125598,2.4521508,1.6756105,-0.43193287,0.75336504,-0.86690617,-3.1859488,-2.6058064,2.224153,1.0679702,2.5437953,0.61741567,4.0536413,2.3814068,0.60198236,3.0183275,-2.8287535,-5.93488,0.63428897,3.1458468,0.3643912,-2.062977,0.70686144,-0.34973744,-0.115881726,-5.3376307,-0.21183148,-2.66277,-2.0727434,3.3788946,3.557807,-0.78697526,2.1380737,-0.83871925,1.3398273,-0.9340698,-0.42731553,-0.7571544,0.9806035,-1.1900415,0.8054011,-0.81624967,3.7805414,1.5687363,-1.650383,0.7900568,-1.0406246,0.810288,-4.874771
4.743557,6.0515537,5.334839,5.870021,3.2649703,-2.6233459,-1.2244102,1.9480544,5.360525,4.263302,2.8575885,2.321904,0.17710564,2.8877301,2.146957,1.6176763,2.5051577,4.646644,4.9987135,4.3889346,6.200044,2.2727437,5.435382,3.9808872,3.8812194,5.833105,1.4084604,2.2677193,5.6217003,5.0486064,4.161641,-1.1540828,5.232659,3.3049219,6.6325493,3.282476,5.777802,0.78190243,3.0593548,3.0518212,2.2514067,5.986621,0.089496195,3.468279,2.923442,3.776219,4.1854973,4.253366,2.1786113,-4.1848555,3.6882577,6.0920353,2.5881696,4.3881593,4.3460813,3.3189673,2.9539213,-0.31088918,0.649567,5.30855,4.0520344,4.539407,3.8646686,5.3674684,4.763937,3.2558064,4.5617847,1.872134,-2.2803066,2.158629,5.7170796,3.1179125,-0.15429717,3.51861,2.350882,3.4847,-2.9289134,1.2788956,1.9866288,0.6797948,5.631978,4.7629313,3.4259253,4.645572,1.1020954,3.9722714,3.3849804,1.4629858,2.0893326,3.0648713,2.1761298,3.16968,0.94736755,6.4880333,5.429418,1.0302428,4.3847675,1.8833952,3.5811129,-2.2088902
-3.4977531,-1.3571327,-0.5908754,-4.032828,-2.2401552,0.9061592,-0.7333273,-4.9004154,-0.46266642,-3.026919,-2.4798994,-0.71817327,-6.263404,-4.2576804,0.6259891,-3.4432724,-1.8592577,-1.577491,-2.2715116,-1.6348163,-0.60434306,-3.3398876,-3.409138,-0.1858226,-5.073917,-0.39897853,-3.328933,-1.1156986,-1.8287668,1.478014,-1.658677,-0.9025569,-2.3462162,-1.607568,-3.7579842,-3.474427,-1.1194355,-0.38162982,-0.7668254,-1.0018352,-4.0147505,-0.91877556,-4.1458683,-3.1724577,-4.727084,-4.3629546,-3.351508,-3.0811212,-5.3157506,-0.37653548,-1.3716633,-1.3345428,-5.860524,-4.247261,-1.8965931,0.4664599,-0.51293373,-2.8834252,1.0466816,0.7298876,-3.9042192,-2.7464046,-2.3390863,-2.6192405,-3.698701,1.2036812,-5.294503,-4.2267904,-1.6759198,-4.372157,-1.0257008,-1.3172505,3.0737078,-3.1044464,-0.6512647,-2.1690633,1.5851462,-0.7981247,-1.6128911,-3.7480428,-4.419162,-1.852185,-3.0634513,-5.3966875,-2.958621,3.1459615,-1.0411,0.61318946,-1.3453782,-4.7613564,-0.7154604,-1.3037384,-2.1511416,-2.786781,-2.622109,-2.9447508,-0.75852716,-0.1443558,-3.8079257,-0.37885052
